number,loop multiplications,loop comparisons,recursive function calls,recursive multiplications,recursive comparisons,recursive subtractions,loop time,math time,recursive time
1,1,2,1,0,1,0,0.0,0.0,0.0
2,2,3,2,1,2,1,0.0,0.0,0.0
3,3,4,3,2,3,2,0.0010013580322265625,0.0,0.0
4,4,5,4,3,4,3,0.0,0.0,0.0
5,5,6,5,4,5,4,0.0,0.0,0.0
6,6,7,6,5,6,5,0.0009903907775878906,0.0,0.0009987354278564453
7,7,8,7,6,7,6,0.0,0.0,0.0009987354278564453
8,8,9,8,7,8,7,0.0010001659393310547,0.0,0.0
9,9,10,9,8,9,8,0.0010001659393310547,0.0,0.00099945068359375
10,10,11,10,9,10,9,0.0,0.0,0.0
11,11,12,11,10,11,10,0.0009958744049072266,0.0,0.0
12,12,13,12,11,12,11,0.0,0.0,0.0
13,13,14,13,12,13,12,0.0,0.0,0.0
14,14,15,14,13,14,13,0.0,0.0010020732879638672,0.0
15,15,16,15,14,15,14,0.0,0.00099945068359375,0.0
16,16,17,16,15,16,15,0.0009920597076416016,0.0009965896606445312,0.0
17,17,18,17,16,17,16,0.0,0.0,0.0009930133819580078
18,18,19,18,17,18,17,0.0,0.0,0.0
19,19,20,19,18,19,18,0.0009992122650146484,0.0,0.0
20,20,21,20,19,20,19,0.0,0.0,0.0
21,21,22,21,20,21,20,0.0,0.0010018348693847656,0.0
22,22,23,22,21,22,21,0.0,0.0,0.0
23,23,24,23,22,23,22,0.0,0.0,0.0
24,24,25,24,23,24,23,0.0010023117065429688,0.0,0.0
25,25,26,25,24,25,24,0.0,0.0,0.0009970664978027344
26,26,27,26,25,26,25,0.0010004043579101562,0.0,0.0010080337524414062
27,27,28,27,26,27,26,0.0009937286376953125,0.0,0.001062631607055664
28,28,29,28,27,28,27,0.0,0.0,0.0
29,29,30,29,28,29,28,0.0,0.0,0.0
30,30,31,30,29,30,29,0.0,0.0,0.0
31,31,32,31,30,31,30,0.0,0.0,0.0010023117065429688
32,32,33,32,31,32,31,0.0,0.0010058879852294922,0.0
33,33,34,33,32,33,32,0.0,0.0,0.0
34,34,35,34,33,34,33,0.0,0.0,0.0
35,35,36,35,34,35,34,0.0,0.0,0.0
36,36,37,36,35,36,35,0.0,0.0,0.001001596450805664
37,37,38,37,36,37,36,0.001068115234375,0.0,0.0010151863098144531
38,38,39,38,37,38,37,0.0,0.0,0.0
39,39,40,39,38,39,38,0.0009891986846923828,0.0,0.0
40,40,41,40,39,40,39,0.001001119613647461,0.000993967056274414,0.0
41,41,42,41,40,41,40,0.000997781753540039,0.0,0.0
42,42,43,42,41,42,41,0.0010037422180175781,0.0,0.0005152225494384766
43,43,44,43,42,43,42,0.0,0.0,0.0
44,44,45,44,43,44,43,0.0,0.0,0.0
45,45,46,45,44,45,44,0.0009992122650146484,0.0,0.0015864372253417969
46,46,47,46,45,46,45,0.0,0.0,0.0
47,47,48,47,46,47,46,0.0,0.0,0.0
48,48,49,48,47,48,47,0.0,0.0,0.001094818115234375
49,49,50,49,48,49,48,0.0009965896606445312,0.0,0.000997304916381836
50,50,51,50,49,50,49,0.001005411148071289,0.0,0.0
51,51,52,51,50,51,50,0.0015058517456054688,0.0,0.0
52,52,53,52,51,52,51,0.0009963512420654297,0.0,0.0
53,53,54,53,52,53,52,0.0,0.0010306835174560547,0.0
54,54,55,54,53,54,53,0.0,0.0,0.0
55,55,56,55,54,55,54,0.0,0.0,0.0010161399841308594
56,56,57,56,55,56,55,0.0010135173797607422,0.0,0.0
57,57,58,57,56,57,56,0.0010406970977783203,0.0009839534759521484,0.0009653568267822266
58,58,59,58,57,58,57,0.0,0.0,0.0010120868682861328
59,59,60,59,58,59,58,0.0,0.0,0.0010001659393310547
60,60,61,60,59,60,59,0.0005118846893310547,0.0,0.0
61,61,62,61,60,61,60,0.0,0.0,0.0
62,62,63,62,61,62,61,0.0,0.0,0.0009961128234863281
63,63,64,63,62,63,62,0.0,0.0,0.0009980201721191406
64,64,65,64,63,64,63,0.0,0.0,0.0010058879852294922
65,65,66,65,64,65,64,0.0,0.0,0.0010039806365966797
66,66,67,66,65,66,65,0.0,0.0,0.0
67,67,68,67,66,67,66,0.0009889602661132812,0.0,0.0005080699920654297
68,68,69,68,67,68,67,0.0019910335540771484,0.0,0.0
69,69,70,69,68,69,68,0.001972675323486328,0.0009672641754150391,0.0
70,70,71,70,69,70,69,0.0,0.0,0.0
71,71,72,71,70,71,70,0.0009992122650146484,0.0010020732879638672,0.0010101795196533203
72,72,73,72,71,72,71,0.0,0.0,0.0
73,73,74,73,72,73,72,0.001603841781616211,0.0,0.0
74,74,75,74,73,74,73,0.0010013580322265625,0.000993490219116211,0.0
75,75,76,75,74,75,74,0.0010023117065429688,0.0010001659393310547,0.0
76,76,77,76,75,76,75,0.0010199546813964844,0.0,0.002008199691772461
77,77,78,77,76,77,76,0.0035452842712402344,0.0,0.0
78,78,79,78,77,78,77,0.0009944438934326172,0.0,0.0
79,79,80,79,78,79,78,0.0010004043579101562,0.0,0.0013928413391113281
80,80,81,80,79,80,79,0.0,0.0,0.0009970664978027344
81,81,82,81,80,81,80,0.0009958744049072266,0.00176239013671875,0.0018436908721923828
82,82,83,82,81,82,81,0.0,0.0,0.0015130043029785156
83,83,84,83,82,83,82,0.0010120868682861328,0.0009984970092773438,0.0
84,84,85,84,83,84,83,0.0,0.0,0.0010159015655517578
85,85,86,85,84,85,84,0.0,0.0,0.0009999275207519531
86,86,87,86,85,86,85,0.0,0.0,0.0
87,87,88,87,86,87,86,0.0010063648223876953,0.0009887218475341797,0.0
88,88,89,88,87,88,87,0.0,0.001024007797241211,0.0019736289978027344
89,89,90,89,88,89,88,0.0010001659393310547,0.0010044574737548828,0.000997781753540039
90,90,91,90,89,90,89,0.002002716064453125,8.416175842285156e-05,0.005548954010009766
91,91,92,91,90,91,90,0.0009953975677490234,0.0010159015655517578,0.0020363330841064453
92,92,93,92,91,92,91,0.0009925365447998047,0.0,0.0
93,93,94,93,92,93,92,0.0,0.0,0.002009153366088867
94,94,95,94,93,94,93,0.002054452896118164,0.0,0.0009942054748535156
95,95,96,95,94,95,94,0.0010101795196533203,0.0010251998901367188,0.002999544143676758
96,96,97,96,95,96,95,0.004140615463256836,0.0008883476257324219,0.00101470947265625
97,97,98,97,96,97,96,0.000997304916381836,0.0,0.0020117759704589844
98,98,99,98,97,98,97,0.0020782947540283203,0.0,0.0020055770874023438
99,99,100,99,98,99,98,0.003306150436401367,0.0,0.0010111331939697266
100,100,101,100,99,100,99,0.001008749008178711,0.0,0.0010514259338378906
101,101,102,101,100,101,100,0.0010063648223876953,0.0009980201721191406,0.001003265380859375
102,102,103,102,101,102,101,0.0,0.0,0.0010118484497070312
103,103,104,103,102,103,102,0.0020313262939453125,0.0009827613830566406,0.0010082721710205078
104,104,105,104,103,104,103,0.0013148784637451172,0.0,0.0
105,105,106,105,104,105,104,0.0009961128234863281,0.001004934310913086,0.0016024112701416016
106,106,107,106,105,106,105,0.0009808540344238281,0.0010004043579101562,0.0
107,107,108,107,106,107,106,0.0,0.0,0.0005092620849609375
108,108,109,108,107,108,107,0.001028299331665039,0.0009982585906982422,0.000997304916381836
109,109,110,109,108,109,108,0.001018524169921875,0.0,0.0010063648223876953
110,110,111,110,109,110,109,0.0010242462158203125,0.0009953975677490234,0.0010552406311035156
111,111,112,111,110,111,110,0.0009925365447998047,0.0,0.001523733139038086
112,112,113,112,111,112,111,0.0,0.0,0.0
113,113,114,113,112,113,112,0.0010006427764892578,0.0,0.002014636993408203
114,114,115,114,113,114,113,0.0019974708557128906,0.0005106925964355469,0.0010097026824951172
115,115,116,115,114,115,114,0.0010080337524414062,0.0009942054748535156,0.0
116,116,117,116,115,116,115,0.000990152359008789,0.001651763916015625,0.0009129047393798828
117,117,118,117,116,117,116,0.0,0.0010023117065429688,0.0
118,118,119,118,117,118,117,0.0,0.0,0.0010156631469726562
119,119,120,119,118,119,118,0.0015447139739990234,0.0009856224060058594,0.0019979476928710938
120,120,121,120,119,120,119,0.0009992122650146484,0.0009946823120117188,0.0
121,121,122,121,120,121,120,0.0010123252868652344,0.0,0.0009868144989013672
122,122,123,122,121,122,121,0.001007080078125,0.0009899139404296875,0.0020003318786621094
123,123,124,123,122,123,122,0.0010037422180175781,0.0010023117065429688,0.0010230541229248047
124,124,125,124,123,124,123,0.000988006591796875,0.0009975433349609375,0.0025620460510253906
125,125,126,125,124,125,124,0.0009884834289550781,0.0,0.002001523971557617
126,126,127,126,125,126,125,0.001004934310913086,0.0012707710266113281,0.0
127,127,128,127,126,127,126,0.0009987354278564453,0.0,0.0
128,128,129,128,127,128,127,0.0008969306945800781,0.0,0.001005411148071289
129,129,130,129,128,129,128,0.001016378402709961,0.0010099411010742188,0.0010008811950683594
130,130,131,130,129,130,129,0.0009999275207519531,0.001007080078125,0.0009946823120117188
131,131,132,131,130,131,130,0.002547025680541992,0.0020444393157958984,0.001997709274291992
132,132,133,132,131,132,131,0.0,0.001001119613647461,0.000997781753540039
133,133,134,133,132,133,132,0.0,0.0,0.0010013580322265625
134,134,135,134,133,134,133,0.0,0.0,0.0010013580322265625
135,135,136,135,134,135,134,0.0,0.0,0.0
136,136,137,136,135,136,135,0.0010068416595458984,0.0010027885437011719,0.0
137,137,138,137,136,137,136,0.0009989738464355469,0.0,0.0
138,138,139,138,137,138,137,0.0,0.0,0.0009999275207519531
139,139,140,139,138,139,138,0.0,0.0,0.0
140,140,141,140,139,140,139,0.0020051002502441406,0.0010039806365966797,0.0009944438934326172
141,141,142,141,140,141,140,0.0009989738464355469,0.0,0.002103090286254883
142,142,143,142,141,142,141,0.0010027885437011719,0.0,0.0019898414611816406
143,143,144,143,142,143,142,0.0010242462158203125,0.0010111331939697266,0.0009911060333251953
144,144,145,144,143,144,143,0.0009107589721679688,0.0010204315185546875,0.0010013580322265625
145,145,146,145,144,145,144,0.0009987354278564453,0.0010008811950683594,0.0
146,146,147,146,145,146,145,0.001007080078125,0.0009799003601074219,0.0011305809020996094
147,147,148,147,146,147,146,0.0009925365447998047,0.0010046958923339844,0.0020151138305664062
148,148,149,148,147,148,147,0.0010144710540771484,0.0009789466857910156,0.0005104541778564453
149,149,150,149,148,149,148,0.0009963512420654297,0.0010006427764892578,0.0009829998016357422
150,150,151,150,149,150,149,0.0009999275207519531,0.0010099411010742188,0.0009865760803222656
151,151,152,151,150,151,150,0.001013040542602539,0.0,0.0009965896606445312
152,152,153,152,151,152,151,0.0009982585906982422,0.0010104179382324219,0.00199127197265625
153,153,154,153,152,153,152,0.0009975433349609375,0.0,0.0009963512420654297
154,154,155,154,153,154,153,0.0026786327362060547,0.001001119613647461,0.002009868621826172
155,155,156,155,154,155,154,0.0016026496887207031,0.0010254383087158203,0.0019922256469726562
156,156,157,156,155,156,155,0.0009992122650146484,0.0,0.000997781753540039
157,157,158,157,156,157,156,0.0,0.0010030269622802734,0.0030126571655273438
158,158,159,158,157,158,157,0.0010080337524414062,0.0,0.003053903579711914
159,159,160,159,158,159,158,0.0009949207305908203,0.0015192031860351562,0.0010251998901367188
160,160,161,160,159,160,159,0.0010104179382324219,0.0009982585906982422,0.0009958744049072266
161,161,162,161,160,161,160,0.0015645027160644531,0.0029807090759277344,0.0009908676147460938
162,162,163,162,161,162,161,0.0010035037994384766,0.0009963512420654297,0.0
163,163,164,163,162,163,162,0.00099945068359375,0.0,0.0009992122650146484
164,164,165,164,163,164,163,0.0,0.0009908676147460938,0.002007722854614258
165,165,166,165,164,165,164,0.0,0.0,0.0
166,166,167,166,165,166,165,0.0010030269622802734,0.0010039806365966797,0.0010046958923339844
167,167,168,167,166,167,166,0.0009903907775878906,0.0,0.0015070438385009766
168,168,169,168,167,168,167,0.0,0.0,0.0009987354278564453
169,169,170,169,168,169,168,0.0010001659393310547,0.0010061264038085938,0.0009946823120117188
170,170,171,170,169,170,169,0.0010004043579101562,0.0009968280792236328,0.0
171,171,172,171,170,171,170,0.0010781288146972656,0.0,0.0010077953338623047
172,172,173,172,171,172,171,0.0010106563568115234,0.000988006591796875,0.0
173,173,174,173,172,173,172,0.00200653076171875,0.0009906291961669922,0.0014033317565917969
174,174,175,174,173,174,173,0.0010073184967041016,0.0,0.0009999275207519531
175,175,176,175,174,175,174,0.0010023117065429688,0.0010068416595458984,0.0009930133819580078
176,176,177,176,175,176,175,0.0,0.0,0.0010051727294921875
177,177,178,177,176,177,176,0.0,0.0,0.0010023117065429688
178,178,179,178,177,178,177,0.0009980201721191406,0.0,0.0010051727294921875
179,179,180,179,178,179,178,0.0,0.0,0.0010001659393310547
180,180,181,180,179,180,179,0.001016378402709961,0.0009984970092773438,0.0009894371032714844
181,181,182,181,180,181,180,0.0010006427764892578,0.0010051727294921875,0.0015044212341308594
182,182,183,182,181,182,181,0.0010900497436523438,0.0,0.001976490020751953
183,183,184,183,182,183,182,0.0015730857849121094,0.0,0.0
184,184,185,184,183,184,183,0.0009958744049072266,0.0010030269622802734,0.0020182132720947266
185,185,186,185,184,185,184,0.001001119613647461,0.001001596450805664,0.0012595653533935547
186,186,187,186,185,186,185,0.001997709274291992,0.0009970664978027344,0.0009963512420654297
187,187,188,187,186,187,186,0.0009999275207519531,0.0,0.0
188,188,189,188,187,188,187,0.0,0.0,0.0
189,189,190,189,188,189,188,0.0010204315185546875,0.0,0.0005099773406982422
190,190,191,190,189,190,189,0.0,0.0,0.0
191,191,192,191,190,191,190,0.0010073184967041016,0.0010001659393310547,0.0
192,192,193,192,191,192,191,0.0010027885437011719,0.0009980201721191406,0.0010073184967041016
193,193,194,193,192,193,192,0.0020034313201904297,0.0,0.0012984275817871094
194,194,195,194,193,194,193,0.0020074844360351562,0.0009992122650146484,0.0010221004486083984
195,195,196,195,194,195,194,0.0010023117065429688,0.0,0.0
196,196,197,196,195,196,195,0.002003908157348633,0.0009937286376953125,0.0010006427764892578
197,197,198,197,196,197,196,0.0009970664978027344,0.001077413558959961,0.0010013580322265625
198,198,199,198,197,198,197,0.0010061264038085938,0.0,0.0010018348693847656
199,199,200,199,198,199,198,0.0020225048065185547,0.0010886192321777344,0.0009770393371582031
200,200,201,200,199,200,199,0.0010020732879638672,0.0010018348693847656,0.0009968280792236328
201,201,202,201,200,201,200,0.0,0.0009911060333251953,0.001520395278930664
202,202,203,202,201,202,201,0.0009992122650146484,0.0020291805267333984,0.0009789466857910156
203,203,204,203,202,203,202,0.0016796588897705078,0.0,0.0010204315185546875
204,204,205,204,203,204,203,0.0010066032409667969,0.0010058879852294922,0.0009903907775878906
205,205,206,205,204,205,204,0.0010039806365966797,0.0,0.0009932518005371094
206,206,207,206,205,206,205,0.0009877681732177734,0.0,0.0009987354278564453
207,207,208,207,206,207,206,0.0009996891021728516,0.001001596450805664,0.0010001659393310547
208,208,209,208,207,208,207,0.0010449886322021484,0.0,0.002008676528930664
209,209,210,209,208,209,208,0.0009992122650146484,0.0009918212890625,0.0009992122650146484
210,210,211,210,209,210,209,0.0,0.0,0.002584218978881836
211,211,212,211,210,211,210,0.0010008811950683594,0.0,0.0016183853149414062
212,212,213,212,211,212,211,0.0009920597076416016,0.0009984970092773438,0.0009999275207519531
213,213,214,213,212,213,212,0.0010030269622802734,0.0010027885437011719,0.0010023117065429688
214,214,215,214,213,214,213,0.0019898414611816406,0.0030252933502197266,0.001975536346435547
215,215,216,215,214,215,214,0.0010848045349121094,0.003025054931640625,0.001996755599975586
216,216,217,216,215,216,215,0.002023935317993164,0.0,0.0010068416595458984
217,217,218,217,216,217,216,0.0009992122650146484,0.000997304916381836,0.0
218,218,219,218,217,218,217,0.0010123252868652344,0.0,0.0020117759704589844
219,219,220,219,218,219,218,0.001992940902709961,0.0009989738464355469,0.001077413558959961
220,220,221,220,219,220,219,0.0020012855529785156,0.0009980201721191406,0.0010008811950683594
221,221,222,221,220,221,220,0.0010044574737548828,0.0005104541778564453,0.0020294189453125
222,222,223,222,221,222,221,0.0009975433349609375,0.0010063648223876953,0.0010008811950683594
223,223,224,223,222,223,222,0.0023717880249023438,0.0,0.0009949207305908203
224,224,225,224,223,224,223,0.00454258918762207,0.000997781753540039,0.0009899139404296875
225,225,226,225,224,225,224,0.0010023117065429688,0.0009284019470214844,0.0010175704956054688
226,226,227,226,225,226,225,0.0,0.0009438991546630859,0.0009937286376953125
227,227,228,227,226,227,226,0.0011773109436035156,0.0,0.0010204315185546875
228,228,229,228,227,228,227,0.0009868144989013672,0.000993967056274414,0.0009949207305908203
229,229,230,229,228,229,228,0.0009748935699462891,0.0010235309600830078,0.0009789466857910156
230,230,231,230,229,230,229,0.0,0.0,0.0020127296447753906
231,231,232,231,230,231,230,0.0009999275207519531,0.0,0.0010001659393310547
232,232,233,232,231,232,231,0.0009951591491699219,0.0,0.0020928382873535156
233,233,234,233,232,233,232,0.0019927024841308594,0.0010039806365966797,0.002979278564453125
234,234,235,234,233,234,233,0.004001617431640625,0.0,0.0015125274658203125
235,235,236,235,234,235,234,0.0010066032409667969,0.000995635986328125,0.002001047134399414
236,236,237,236,235,236,235,0.0,0.0010008811950683594,0.0015172958374023438
237,237,238,237,236,237,236,0.0020105838775634766,0.0010056495666503906,0.0019974708557128906
238,238,239,238,237,238,237,0.0036089420318603516,0.0010149478912353516,0.003006458282470703
239,239,240,239,238,239,238,0.0019316673278808594,0.0010030269622802734,0.004009246826171875
240,240,241,240,239,240,239,0.0019979476928710938,0.0015137195587158203,0.0010099411010742188
241,241,242,241,240,241,240,0.0015273094177246094,0.0020475387573242188,0.0019524097442626953
242,242,243,242,241,242,241,0.0009989738464355469,0.0009884834289550781,0.0019872188568115234
243,243,244,243,242,243,242,0.000997781753540039,0.0,0.000985860824584961
244,244,245,244,243,244,243,0.0022275447845458984,0.0010018348693847656,0.0029931068420410156
245,245,246,245,244,245,244,0.0010006427764892578,0.0,0.002516508102416992
246,246,247,246,245,246,245,0.002011537551879883,0.0010008811950683594,0.0020029544830322266
247,247,248,247,246,247,246,0.002019643783569336,0.00099945068359375,0.0010008811950683594
248,248,249,248,247,248,247,0.0010013580322265625,0.0,0.001998424530029297
249,249,250,249,248,249,248,0.001001119613647461,0.0020079612731933594,0.004009246826171875
250,250,251,250,249,250,249,0.0019109249114990234,0.0010235309600830078,0.006482839584350586
251,251,252,251,250,251,250,0.002001523971557617,0.0009984970092773438,0.0010001659393310547
252,252,253,252,251,252,251,0.005532026290893555,0.0015099048614501953,0.001012563705444336
253,253,254,253,252,253,252,0.00201416015625,0.0009968280792236328,0.0029973983764648438
254,254,255,254,253,254,253,0.0009953975677490234,0.0020279884338378906,0.0019805431365966797
255,255,256,255,254,255,254,0.0010023117065429688,0.0015134811401367188,0.0020110607147216797
256,256,257,256,255,256,255,0.0020041465759277344,0.001001596450805664,0.003250598907470703
257,257,258,257,256,257,256,0.0019876956939697266,0.0010027885437011719,0.0010008811950683594
258,258,259,258,257,258,257,0.0019283294677734375,0.0010128021240234375,0.003013134002685547
259,259,260,259,258,259,258,0.0019850730895996094,0.0012104511260986328,0.000995635986328125
260,260,261,260,259,260,259,0.0009913444519042969,0.0010101795196533203,0.0009930133819580078
261,261,262,261,260,261,260,0.0020864009857177734,0.0010039806365966797,0.003002643585205078
262,262,263,262,261,262,261,0.0020012855529785156,0.0021309852600097656,0.0009968280792236328
263,263,264,263,262,263,262,0.0009999275207519531,0.0,0.0009970664978027344
264,264,265,264,263,264,263,0.0019843578338623047,0.0009834766387939453,0.0019881725311279297
265,265,266,265,264,265,264,0.000982522964477539,0.001132965087890625,0.0030128955841064453
266,266,267,266,265,266,265,0.0010123252868652344,0.0,0.0010113716125488281
267,267,268,267,266,267,266,0.0009951591491699219,0.0009927749633789062,0.0010051727294921875
268,268,269,268,267,268,267,0.008571624755859375,0.0065882205963134766,0.004551887512207031
269,269,270,269,268,269,268,0.006817817687988281,0.0009808540344238281,0.0015106201171875
270,270,271,270,269,270,269,0.0009980201721191406,0.0010006427764892578,0.0010013580322265625
271,271,272,271,270,271,270,0.002545595169067383,0.001024007797241211,0.0050182342529296875
272,272,273,272,271,272,271,0.0009903907775878906,0.0009846687316894531,0.0025246143341064453
273,273,274,273,272,273,272,0.0019986629486083984,0.0,0.001004934310913086
274,274,275,274,273,274,273,0.0015714168548583984,0.0009989738464355469,0.00400853157043457
275,275,276,275,274,275,274,0.0020003318786621094,0.0012173652648925781,0.0010132789611816406
276,276,277,276,275,276,275,0.0009930133819580078,0.002658367156982422,0.001985311508178711
277,277,278,277,276,277,276,0.001995563507080078,0.0009839534759521484,0.0010006427764892578
278,278,279,278,277,278,277,0.00301361083984375,0.0010075569152832031,0.0028047561645507812
279,279,280,279,278,279,278,0.0019958019256591797,0.0010039806365966797,0.001996755599975586
280,280,281,280,279,280,279,0.0011188983917236328,0.0009963512420654297,0.002000093460083008
281,281,282,281,280,281,280,0.0020182132720947266,0.0015137195587158203,0.005032777786254883
282,282,283,282,281,282,281,0.000997304916381836,0.0009481906890869141,0.0020029544830322266
283,283,284,283,282,283,282,0.0019931793212890625,0.0010027885437011719,0.0009963512420654297
284,284,285,284,283,284,283,0.0010058879852294922,0.0010080337524414062,0.00457000732421875
285,285,286,285,284,285,284,0.000993967056274414,0.0020258426666259766,0.0030045509338378906
286,286,287,286,285,286,285,0.0025391578674316406,0.0010004043579101562,0.0019903182983398438
287,287,288,287,286,287,286,0.0019974708557128906,0.0009975433349609375,0.006557464599609375
288,288,289,288,287,288,287,0.002000093460083008,0.0020017623901367188,0.0015056133270263672
289,289,290,289,288,289,288,0.002001047134399414,0.0010018348693847656,0.0019969940185546875
290,290,291,290,289,290,289,0.0018532276153564453,0.000997304916381836,0.0009992122650146484
291,291,292,291,290,291,290,0.002033233642578125,0.0009894371032714844,0.0010044574737548828
292,292,293,292,291,292,291,0.004015445709228516,0.0009615421295166016,0.002556324005126953
293,293,294,293,292,293,292,0.0019919872283935547,0.0010001659393310547,0.0025358200073242188
294,294,295,294,293,294,293,0.0019996166229248047,0.002016782760620117,0.0025687217712402344
295,295,296,295,294,295,294,0.002019166946411133,0.0009965896606445312,0.0009980201721191406
296,296,297,296,295,296,295,0.001997232437133789,0.0010116100311279297,0.0019991397857666016
297,297,298,297,296,297,296,0.0010008811950683594,0.0009982585906982422,0.004137516021728516
298,298,299,298,297,298,297,0.031116962432861328,0.002012491226196289,0.002531766891479492
299,299,300,299,298,299,298,0.003946542739868164,0.0024945735931396484,0.0010149478912353516
300,300,301,300,299,300,299,0.0020143985748291016,0.0,0.001018524169921875
301,301,302,301,300,301,300,0.0,0.0010135173797607422,0.0020284652709960938
302,302,303,302,301,302,301,0.0010149478912353516,0.011541366577148438,0.025607824325561523
303,303,304,303,302,303,302,0.0009984970092773438,0.0010118484497070312,0.0010132789611816406
304,304,305,304,303,304,303,0.004538536071777344,0.002584695816040039,0.0030012130737304688
305,305,306,305,304,305,304,0.0025229454040527344,0.0010118484497070312,0.003001689910888672
306,306,307,306,305,306,305,0.0010042190551757812,0.0,0.0025267601013183594
307,307,308,307,306,307,306,0.0010056495666503906,0.0009999275207519531,0.0029935836791992188
308,308,309,308,307,308,307,0.0020797252655029297,0.0009818077087402344,0.001995563507080078
309,309,310,309,308,309,308,0.0010006427764892578,0.001506805419921875,0.0010101795196533203
310,310,311,310,309,310,309,0.0020172595977783203,0.0009992122650146484,0.0009927749633789062
311,311,312,311,310,311,310,0.0015075206756591797,0.0010075569152832031,0.002031564712524414
312,312,313,312,311,312,311,0.0020165443420410156,0.0009722709655761719,0.0010004043579101562
313,313,314,313,312,313,312,0.004475593566894531,0.000989675521850586,0.0029897689819335938
314,314,315,314,313,314,313,0.001077413558959961,0.0030422210693359375,0.0036530494689941406
315,315,316,315,314,315,314,0.0020036697387695312,0.0010042190551757812,0.003560304641723633
316,316,317,316,315,316,315,0.0019004344940185547,0.0020003318786621094,0.001524209976196289
317,317,318,317,316,317,316,0.00400090217590332,0.0008265972137451172,0.0019910335540771484
318,318,319,318,317,318,317,0.005011320114135742,0.002008199691772461,0.0029952526092529297
319,319,320,319,318,319,318,0.0019998550415039062,0.003210306167602539,0.004003286361694336
320,320,321,320,319,320,319,0.0019791126251220703,0.002996206283569336,0.0020003318786621094
321,321,322,321,320,321,320,0.002314329147338867,0.0009951591491699219,0.00400996208190918
322,322,323,322,321,322,321,0.0020422935485839844,0.001977205276489258,0.0045740604400634766
323,323,324,323,322,323,322,0.0029964447021484375,0.001001119613647461,0.005033254623413086
324,324,325,324,323,324,323,0.00150299072265625,0.0010097026824951172,0.003006458282470703
325,325,326,325,324,325,324,0.0029795169830322266,0.002988576889038086,0.0035343170166015625
326,326,327,326,325,326,325,0.001992940902709961,0.0015149116516113281,0.002035379409790039
327,327,328,327,326,327,326,0.0019979476928710938,0.0009894371032714844,0.0035552978515625
328,328,329,328,327,328,327,0.001989603042602539,0.002001047134399414,0.0025315284729003906
329,329,330,329,328,329,328,0.0009970664978027344,0.0009889602661132812,0.00296783447265625
330,330,331,330,329,330,329,0.0020439624786376953,0.0009837150573730469,0.0019991397857666016
331,331,332,331,330,331,330,0.002003192901611328,0.0009987354278564453,0.004540920257568359
332,332,333,332,331,332,331,0.0020012855529785156,0.0009963512420654297,0.001996278762817383
333,333,334,333,332,333,332,0.0010113716125488281,0.0009970664978027344,0.002004861831665039
334,334,335,334,333,334,333,0.002600431442260742,0.0009965896606445312,0.002000093460083008
335,335,336,335,334,335,334,0.004581928253173828,0.0009970664978027344,0.002522706985473633
336,336,337,336,335,336,335,0.0020034313201904297,0.0013589859008789062,0.002996206283569336
337,337,338,337,336,337,336,0.0026679039001464844,0.003019571304321289,0.003994941711425781
338,338,339,338,337,338,337,0.0015192031860351562,0.001977682113647461,0.000997781753540039
339,339,340,339,338,339,338,0.0015101432800292969,0.0020291805267333984,0.0019817352294921875
340,340,341,340,339,340,339,0.0020055770874023438,0.0015404224395751953,0.0020139217376708984
341,341,342,341,340,341,340,0.0020012855529785156,0.0,0.0009984970092773438
342,342,343,342,341,342,341,0.0025033950805664062,0.001988649368286133,0.0020020008087158203
343,343,344,343,342,343,342,0.001512289047241211,0.0020132064819335938,0.005008220672607422
344,344,345,344,343,344,343,0.0030095577239990234,0.0020029544830322266,0.0026259422302246094
345,345,346,345,344,345,344,0.001001596450805664,0.0020017623901367188,0.0019991397857666016
346,346,347,346,345,346,345,0.0025343894958496094,0.0010013580322265625,0.0045871734619140625
347,347,348,347,346,347,346,0.004004001617431641,0.0010123252868652344,0.0015676021575927734
348,348,349,348,347,348,347,0.0020134449005126953,0.0009946823120117188,0.0020003318786621094
349,349,350,349,348,349,348,0.0020074844360351562,0.0010004043579101562,0.0010020732879638672
350,350,351,350,349,350,349,0.0009963512420654297,0.00099945068359375,0.0025212764739990234
351,351,352,351,350,351,350,0.0010097026824951172,0.001001596450805664,0.0010113716125488281
352,352,353,352,351,352,351,0.0010030269622802734,0.0005075931549072266,0.001008749008178711
353,353,354,353,352,353,352,0.002002239227294922,0.002013683319091797,0.003541707992553711
354,354,355,354,353,354,353,0.003015279769897461,0.0020041465759277344,0.0025382041931152344
355,355,356,355,354,355,354,0.0030274391174316406,0.0009930133819580078,0.0025224685668945312
356,356,357,356,355,356,355,0.002011537551879883,0.0019876956939697266,0.003526926040649414
357,357,358,357,356,357,356,0.002004384994506836,0.001001596450805664,0.0015125274658203125
358,358,359,358,357,358,357,0.0010149478912353516,0.0009865760803222656,0.0025436878204345703
359,359,360,359,358,359,358,0.0018761157989501953,0.000997304916381836,0.0019996166229248047
360,360,361,360,359,360,359,0.0009982585906982422,0.0009996891021728516,0.0020012855529785156
361,361,362,361,360,361,360,0.0010023117065429688,0.001001119613647461,0.0010020732879638672
362,362,363,362,361,362,361,0.0010001659393310547,0.0,0.002518177032470703
363,363,364,363,362,363,362,0.0020020008087158203,0.0010063648223876953,0.003025054931640625
364,364,365,364,363,364,363,0.003020048141479492,0.0009930133819580078,0.0020284652709960938
365,365,366,365,364,365,364,0.003534078598022461,0.0019888877868652344,0.001997232437133789
366,366,367,366,365,366,365,0.0020055770874023438,0.003024578094482422,0.004986763000488281
367,367,368,367,366,367,366,0.002025604248046875,0.002023935317993164,0.003988027572631836
368,368,369,368,367,368,367,0.0015177726745605469,0.0019767284393310547,0.001989126205444336
369,369,370,369,368,369,368,0.002513885498046875,0.0010118484497070312,0.0019805431365966797
370,370,371,370,369,370,369,0.0020041465759277344,0.0009989738464355469,0.00099945068359375
371,371,372,371,370,371,370,0.001481771469116211,0.001001596450805664,0.0025386810302734375
372,372,373,372,371,372,371,0.0015361309051513672,0.0010159015655517578,0.002995729446411133
373,373,374,373,372,373,372,0.001995563507080078,0.0020294189453125,0.003007650375366211
374,374,375,374,373,374,373,0.0020189285278320312,0.0009975433349609375,0.0019910335540771484
375,375,376,375,374,375,374,0.0030002593994140625,0.0,0.0029938220977783203
376,376,377,376,375,376,375,0.0020127296447753906,0.0010123252868652344,0.0039980411529541016
377,377,378,377,376,377,376,0.0029706954956054688,0.002000093460083008,0.0019905567169189453
378,378,379,378,377,378,377,0.001959562301635742,0.002010345458984375,0.004995822906494141
379,379,380,379,378,379,378,0.002064943313598633,0.002012014389038086,0.001990079879760742
380,380,381,380,379,380,379,0.0035767555236816406,0.0009984970092773438,0.0020029544830322266
381,381,382,381,380,381,380,0.0015101432800292969,0.0010042190551757812,0.002001523971557617
382,382,383,382,381,382,381,0.0020074844360351562,0.0010075569152832031,0.0020797252655029297
383,383,384,383,382,383,382,0.0019931793212890625,0.0009999275207519531,0.003077983856201172
384,384,385,384,383,384,383,0.001996755599975586,0.0,0.0025167465209960938
385,385,386,385,384,385,384,0.0010144710540771484,0.001003265380859375,0.0009975433349609375
386,386,387,386,385,386,385,0.0015075206756591797,0.0020189285278320312,0.003004312515258789
387,387,388,387,386,387,386,0.0010118484497070312,0.0009562969207763672,0.003996610641479492
388,388,389,388,387,388,387,0.0019965171813964844,0.0020132064819335938,0.0019991397857666016
389,389,390,389,388,389,388,0.003009796142578125,0.0015079975128173828,0.0009982585906982422
390,390,391,390,389,390,389,0.001997709274291992,0.001001119613647461,0.0009968280792236328
391,391,392,391,390,391,390,0.002532958984375,0.002013683319091797,0.001990795135498047
392,392,393,392,391,392,391,0.0025501251220703125,0.0030410289764404297,0.002968311309814453
393,393,394,393,392,393,392,0.0021026134490966797,0.0010068416595458984,0.0009968280792236328
394,394,395,394,393,394,393,0.0020017623901367188,0.001134634017944336,0.0015106201171875
395,395,396,395,394,395,394,0.001997232437133789,0.0010180473327636719,0.0019681453704833984
396,396,397,396,395,396,395,0.0015149116516113281,0.001985311508178711,0.002996683120727539
397,397,398,397,396,397,396,0.0015079975128173828,0.0010046958923339844,0.0019986629486083984
398,398,399,398,397,398,397,0.001999378204345703,0.0010008811950683594,0.002015829086303711
399,399,400,399,398,399,398,0.0029938220977783203,0.0020182132720947266,0.0019991397857666016
400,400,401,400,399,400,399,0.002002716064453125,0.0010001659393310547,0.0020995140075683594
401,401,402,401,400,401,400,0.0029811859130859375,0.0009989738464355469,0.0025773048400878906
402,402,403,402,401,402,401,0.0030066967010498047,0.000995635986328125,0.0015146732330322266
403,403,404,403,402,403,402,0.0020101070404052734,0.002002716064453125,0.001997232437133789
404,404,405,404,403,404,403,0.0015163421630859375,0.0009684562683105469,0.00400233268737793
405,405,406,405,404,405,404,0.002003192901611328,0.006096839904785156,0.008630752563476562
406,406,407,406,405,406,405,0.006521701812744141,0.00196075439453125,0.002996206283569336
407,407,408,407,406,407,406,0.0015189647674560547,0.0020084381103515625,0.00402522087097168
408,408,409,408,407,408,407,0.0029609203338623047,0.0020012855529785156,0.0019958019256591797
409,409,410,409,408,409,408,0.0010085105895996094,0.001003265380859375,0.0020084381103515625
410,410,411,410,409,410,409,0.004548311233520508,0.00202178955078125,0.003009319305419922
411,411,412,411,410,411,410,0.003018617630004883,0.0015439987182617188,0.0040132999420166016
412,412,413,412,411,412,411,0.0025713443756103516,0.002013683319091797,0.001998424530029297
413,413,414,413,412,413,412,0.000997304916381836,0.001508951187133789,0.002007722854614258
414,414,415,414,413,414,413,0.0019998550415039062,0.0010061264038085938,0.0019958019256591797
415,415,416,415,414,415,414,0.0012831687927246094,0.0020020008087158203,0.001997709274291992
416,416,417,416,415,416,415,0.002003908157348633,0.0010781288146972656,0.0009975433349609375
417,417,418,417,416,417,416,0.0019905567169189453,0.0009999275207519531,0.0010023117065429688
418,418,419,418,417,418,417,0.0010008811950683594,0.0009970664978027344,0.0020029544830322266
419,419,420,419,418,419,418,0.00199127197265625,0.0010080337524414062,0.006543636322021484
420,420,421,420,419,420,419,0.003993988037109375,0.002033710479736328,0.001995086669921875
421,421,422,421,420,421,420,0.0016014575958251953,0.0019178390502929688,0.0030188560485839844
422,422,423,422,421,422,421,0.0029954910278320312,0.0010035037994384766,0.0029921531677246094
423,423,424,423,422,423,422,0.0025281906127929688,0.001508474349975586,0.0009970664978027344
424,424,425,424,423,424,423,0.002003908157348633,0.0010058879852294922,0.0020101070404052734
425,425,426,425,424,425,424,0.0020143985748291016,0.0019919872283935547,0.003557443618774414
426,426,427,426,425,426,425,0.003973484039306641,0.0036079883575439453,0.0020055770874023438
427,427,428,427,426,427,426,0.0010113716125488281,0.0010273456573486328,0.00399470329284668
428,428,429,428,427,428,427,0.002007007598876953,0.00101470947265625,0.0020143985748291016
429,429,430,429,428,429,428,0.001999378204345703,0.0009999275207519531,0.002003192901611328
430,430,431,430,429,430,429,0.0030066967010498047,0.002995014190673828,0.0025353431701660156
431,431,432,431,430,431,430,0.005025625228881836,0.0009357929229736328,0.003007173538208008
432,432,433,432,431,432,431,0.003004312515258789,0.0015108585357666016,0.002526998519897461
433,433,434,433,432,433,432,0.0020112991333007812,0.002010345458984375,0.0046024322509765625
434,434,435,434,433,434,433,0.001997232437133789,0.0015778541564941406,0.001997709274291992
435,435,436,435,434,435,434,0.0030121803283691406,0.0025146007537841797,0.0040438175201416016
436,436,437,436,435,436,435,0.0019583702087402344,0.0016698837280273438,0.0018706321716308594
437,437,438,437,436,437,436,0.0019998550415039062,0.0009932518005371094,0.003522157669067383
438,438,439,438,437,438,437,0.0019893646240234375,0.0030095577239990234,0.0045359134674072266
439,439,440,439,438,439,438,0.002984762191772461,0.0019905567169189453,0.005612373352050781
440,440,441,440,439,440,439,0.002001047134399414,0.0016050338745117188,0.0040340423583984375
441,441,442,441,440,441,440,0.0025064945220947266,0.0010182857513427734,0.003011941909790039
442,442,443,442,441,442,441,0.0015113353729248047,0.002626180648803711,0.002994060516357422
443,443,444,443,442,443,442,0.0010094642639160156,0.0010151863098144531,0.004124879837036133
444,444,445,444,443,444,443,0.002994060516357422,0.001306295394897461,0.0030150413513183594
445,445,446,445,444,445,444,0.002001523971557617,0.0009953975677490234,0.002524137496948242
446,446,447,446,445,446,445,0.0030024051666259766,0.001990795135498047,0.005611419677734375
447,447,448,447,446,447,446,0.004599332809448242,0.00101470947265625,0.006515026092529297
448,448,449,448,447,448,447,0.003002643585205078,0.0015110969543457031,0.004016876220703125
449,449,450,449,448,449,448,0.003025531768798828,0.002032041549682617,0.0029942989349365234
450,450,451,450,449,450,449,0.0026171207427978516,0.0010237693786621094,0.0030014514923095703
451,451,452,451,450,451,450,0.0009589195251464844,0.0019545555114746094,0.0019969940185546875
452,452,453,452,451,452,451,0.0020089149475097656,0.0019991397857666016,0.002336740493774414
453,453,454,453,452,453,452,0.0029942989349365234,0.0015189647674560547,0.002014636993408203
454,454,455,454,453,454,453,0.005006313323974609,0.0015196800231933594,0.003992557525634766
455,455,456,455,454,455,454,0.002532482147216797,0.002012014389038086,0.0019948482513427734
456,456,457,456,455,456,455,0.0009999275207519531,0.0014977455139160156,0.002015829086303711
457,457,458,457,456,457,456,0.003000020980834961,0.002001047134399414,0.0035369396209716797
458,458,459,458,457,458,457,0.0019948482513427734,0.0009992122650146484,0.0020012855529785156
459,459,460,459,458,459,458,0.0010123252868652344,0.002002716064453125,0.0040013790130615234
460,460,461,460,459,460,459,0.004027605056762695,0.002005338668823242,0.0035631656646728516
461,461,462,461,460,461,460,0.0019943714141845703,0.00099945068359375,0.001089334487915039
462,462,463,462,461,462,461,0.002011537551879883,0.0010042190551757812,0.001996755599975586
463,463,464,463,462,463,462,0.002003192901611328,0.0020248889923095703,0.0050029754638671875
464,464,465,464,463,464,463,0.0019989013671875,0.00199127197265625,0.002526998519897461
465,465,466,465,464,465,464,0.0030105113983154297,0.0029926300048828125,0.0035698413848876953
466,466,467,466,465,466,465,0.0029959678649902344,0.0009984970092773438,0.0015082359313964844
467,467,468,467,466,467,466,0.001996278762817383,0.0010001659393310547,0.003007173538208008
468,468,469,468,467,468,467,0.003550291061401367,0.002001047134399414,0.005510091781616211
469,469,470,469,468,469,468,0.0029931068420410156,0.002001047134399414,0.001989126205444336
470,470,471,470,469,470,469,0.0019843578338623047,0.0009763240814208984,0.001999378204345703
471,471,472,471,470,471,470,0.0030062198638916016,0.0019986629486083984,0.006624698638916016
472,472,473,472,471,472,471,0.0025222301483154297,0.0020024776458740234,0.0019974708557128906
473,473,474,473,472,473,472,0.002997159957885742,0.0020198822021484375,0.0029952526092529297
474,474,475,474,473,474,473,0.002534151077270508,0.0020017623901367188,0.003002166748046875
475,475,476,475,474,475,474,0.0019979476928710938,0.0010631084442138672,0.00401759147644043
476,476,477,476,475,476,475,0.0030014514923095703,0.0020143985748291016,0.008527755737304688
477,477,478,477,476,477,476,0.0035009384155273438,0.0020284652709960938,0.0020003318786621094
478,478,479,478,477,478,477,0.0020020008087158203,0.001004934310913086,0.004168510437011719
479,479,480,479,478,479,478,0.002995014190673828,0.0030357837677001953,0.004553318023681641
480,480,481,480,479,480,479,0.0030138492584228516,0.0009953975677490234,0.004554033279418945
481,481,482,481,480,481,480,0.0019979476928710938,0.000997781753540039,0.003453493118286133
482,482,483,482,481,482,481,0.001995086669921875,0.001996755599975586,0.0010006427764892578
483,483,484,483,482,483,482,0.0020351409912109375,0.0019986629486083984,0.005539417266845703
484,484,485,484,483,484,483,0.007533073425292969,0.0019936561584472656,0.003772258758544922
485,485,486,485,484,485,484,0.005985260009765625,0.00501251220703125,0.03516697883605957
486,486,487,486,485,486,485,0.0035238265991210938,0.0010008811950683594,0.0040018558502197266
487,487,488,487,486,487,486,0.006566524505615234,0.008595705032348633,0.05079078674316406
488,488,489,488,487,488,487,0.0015141963958740234,0.004007577896118164,0.004513978958129883
489,489,490,489,488,489,488,0.01453256607055664,0.002529621124267578,0.005999565124511719
490,490,491,490,489,490,489,0.0019910335540771484,0.0019981861114501953,0.005568742752075195
491,491,492,491,490,491,490,0.003529787063598633,0.0019898414611816406,0.0025191307067871094
492,492,493,492,491,492,491,0.001997232437133789,0.0020024776458740234,0.00956416130065918
493,493,494,493,492,493,492,0.010134220123291016,0.0009999275207519531,0.003007650375366211
494,494,495,494,493,494,493,0.0019989013671875,0.0010025501251220703,0.0025277137756347656
495,495,496,495,494,495,494,0.0019991397857666016,0.0010001659393310547,0.0035402774810791016
496,496,497,496,495,496,495,0.002998828887939453,0.0020020008087158203,0.004533290863037109
497,497,498,497,496,497,496,0.007594585418701172,0.003002166748046875,0.004525423049926758
498,498,499,498,497,498,497,0.0019986629486083984,0.003576993942260742,0.003014087677001953
499,499,500,499,498,499,498,0.001996755599975586,0.0018990039825439453,0.0030090808868408203
500,500,501,500,499,500,499,0.0020034313201904297,0.0050048828125,0.0055544376373291016
501,501,502,501,500,501,500,0.003509521484375,0.0020186901092529297,0.004004240036010742
502,502,503,502,501,502,501,0.003033876419067383,0.0020074844360351562,0.00767064094543457
503,503,504,503,502,503,502,0.008632421493530273,0.002010345458984375,0.003042459487915039
504,504,505,504,503,504,503,0.004559993743896484,0.0030088424682617188,0.005585193634033203
505,505,506,505,504,505,504,0.002994060516357422,0.0020329952239990234,0.005003690719604492
506,506,507,506,505,506,505,0.0025272369384765625,0.0030145645141601562,0.0025177001953125
507,507,508,507,506,507,506,0.006024837493896484,0.003003835678100586,0.003997325897216797
508,508,509,508,507,508,507,0.0023725032806396484,0.0030002593994140625,0.0030057430267333984
509,509,510,509,508,509,508,0.003997802734375,0.001997232437133789,0.003137826919555664
510,510,511,510,509,510,509,0.0030040740966796875,0.002000093460083008,0.0024428367614746094
511,511,512,511,510,511,510,0.002000093460083008,0.002001047134399414,0.001512289047241211
512,512,513,512,511,512,511,0.002996206283569336,0.0020036697387695312,0.0019981861114501953
513,513,514,513,512,513,512,0.004587650299072266,0.001994609832763672,0.0029993057250976562
514,514,515,514,513,514,513,0.002508401870727539,0.0029954910278320312,0.006087779998779297
515,515,516,515,514,515,514,0.0029942989349365234,0.0010035037994384766,0.0030333995819091797
516,516,517,516,515,516,515,0.002022266387939453,0.0020093917846679688,0.004024982452392578
517,517,518,517,516,517,516,0.0020003318786621094,0.001970529556274414,0.004000425338745117
518,518,519,518,517,518,517,0.002001523971557617,0.0030248165130615234,0.004008769989013672
519,519,520,519,518,519,518,0.002031087875366211,0.0009980201721191406,0.002000093460083008
520,520,521,520,519,520,519,0.002000570297241211,0.0010039806365966797,0.0024175643920898438
521,521,522,521,520,521,520,0.002986907958984375,0.0010039806365966797,0.002516031265258789
522,522,523,522,521,522,521,0.0020055770874023438,0.0019822120666503906,0.0029981136322021484
523,523,524,523,522,523,522,0.002030611038208008,0.0009992122650146484,0.004010677337646484
524,524,525,524,523,524,523,0.005948543548583984,0.0028672218322753906,0.003924131393432617
525,525,526,525,524,525,524,0.0030126571655273438,0.002030611038208008,0.004015922546386719
526,526,527,526,525,526,525,0.002923727035522461,0.0019991397857666016,0.0039980411529541016
527,527,528,527,526,527,526,0.00301361083984375,0.001997232437133789,0.003000020980834961
528,528,529,528,527,528,527,0.0040128231048583984,0.0020046234130859375,0.0035772323608398438
529,529,530,529,528,529,528,0.004006385803222656,0.002526998519897461,0.0029926300048828125
530,530,531,530,529,530,529,0.004624605178833008,0.0050106048583984375,0.003407716751098633
531,531,532,531,530,531,530,0.0030035972595214844,0.0025217533111572266,0.003017425537109375
532,532,533,532,531,532,531,0.003539562225341797,0.0020325183868408203,0.003978252410888672
533,533,534,533,532,533,532,0.0034241676330566406,0.0020036697387695312,0.004683494567871094
534,534,535,534,533,534,533,0.0030145645141601562,0.0020041465759277344,0.0035452842712402344
535,535,536,535,534,535,534,0.00299072265625,0.0025823116302490234,0.004004240036010742
536,536,537,536,535,536,535,0.0010094642639160156,0.0018498897552490234,0.0030128955841064453
537,537,538,537,536,537,536,0.00200653076171875,0.0035448074340820312,0.00501704216003418
538,538,539,538,537,538,537,0.005566596984863281,0.0019941329956054688,0.00446629524230957
539,539,540,539,538,539,538,0.001994609832763672,0.002644062042236328,0.0029053688049316406
540,540,541,540,539,540,539,0.0019960403442382812,0.003057718276977539,0.004929065704345703
541,541,542,541,540,541,540,0.0029768943786621094,0.0030264854431152344,0.0056002140045166016
542,542,543,542,541,542,541,0.0029921531677246094,0.0020024776458740234,0.004154682159423828
543,543,544,543,542,543,542,0.001996278762817383,0.0015103816986083984,0.0040171146392822266
544,544,545,544,543,544,543,0.0035212039947509766,0.002989530563354492,0.0029969215393066406
545,545,546,545,544,545,544,0.0025212764739990234,0.0020036697387695312,0.004012584686279297
546,546,547,546,545,546,545,0.003452777862548828,0.0030012130737304688,0.0035326480865478516
547,547,548,547,546,547,546,0.0029981136322021484,0.0030128955841064453,0.0070552825927734375
548,548,549,548,547,548,547,0.0050296783447265625,0.0025496482849121094,0.004008054733276367
549,549,550,549,548,549,548,0.003001689910888672,0.0015091896057128906,0.0020105838775634766
550,550,551,550,549,550,549,0.0030024051666259766,0.002564668655395508,0.0039675235748291016
551,551,552,551,550,551,550,0.003000497817993164,0.0025634765625,0.005985736846923828
552,552,553,552,551,552,551,0.0030164718627929688,0.004004478454589844,0.0065402984619140625
553,553,554,553,552,553,552,0.0035135746002197266,0.0020008087158203125,0.002998828887939453
554,554,555,554,553,554,553,0.003537416458129883,0.0019817352294921875,0.007597208023071289
555,555,556,555,554,555,554,0.004050731658935547,0.0029778480529785156,0.0049953460693359375
556,556,557,556,555,556,555,0.0040132999420166016,0.0019943714141845703,0.0050127506256103516
557,557,558,557,556,557,556,0.002508878707885742,0.0019979476928710938,0.002997875213623047
558,558,559,558,557,558,557,0.0025298595428466797,0.008582115173339844,0.006603240966796875
559,559,560,559,558,559,558,0.0075225830078125,0.001997709274291992,0.00399327278137207
560,560,561,560,559,560,559,0.007056236267089844,0.0015673637390136719,0.003013134002685547
561,561,562,561,560,561,560,0.0020046234130859375,0.004580497741699219,0.004990577697753906
562,562,563,562,561,562,561,0.0025229454040527344,0.0020055770874023438,0.00499415397644043
563,563,564,563,562,563,562,0.0035409927368164062,0.003004789352416992,0.010078668594360352
564,564,565,564,563,564,563,0.0030121803283691406,0.00200653076171875,0.003520488739013672
565,565,566,565,564,565,564,0.004016876220703125,0.00640559196472168,0.008598804473876953
566,566,567,566,565,566,565,0.014116525650024414,0.003507375717163086,0.005013704299926758
567,567,568,567,566,567,566,0.0035505294799804688,0.002982616424560547,0.006536960601806641
568,568,569,568,567,568,567,0.009578704833984375,0.007037162780761719,0.005028247833251953
569,569,570,569,568,569,568,0.0035910606384277344,0.0030319690704345703,0.008101224899291992
570,570,571,570,569,570,569,0.0035512447357177734,0.002000570297241211,0.004566669464111328
571,571,572,571,570,571,570,0.0040128231048583984,0.005032777786254883,0.006025552749633789
572,572,573,572,571,572,571,0.0029816627502441406,0.0020296573638916016,0.005552530288696289
573,573,574,573,572,573,572,0.003992795944213867,0.0019989013671875,0.004538774490356445
574,574,575,574,573,574,573,0.0029909610748291016,0.002538442611694336,0.006032466888427734
575,575,576,575,574,575,574,0.003557443618774414,0.002007007598876953,0.0048558712005615234
576,576,577,576,575,576,575,0.0032613277435302734,0.003002643585205078,0.009648561477661133
577,577,578,577,576,577,576,0.0034952163696289062,0.005012035369873047,0.0075757503509521484
578,578,579,578,577,578,577,0.031139612197875977,0.001001119613647461,0.004521369934082031
579,579,580,579,578,579,578,0.009546279907226562,0.005527019500732422,0.004015445709228516
580,580,581,580,579,580,579,0.0025153160095214844,0.002004861831665039,0.002998828887939453
581,581,582,581,580,581,580,0.002997875213623047,0.0030241012573242188,0.00500941276550293
582,582,583,582,581,582,581,0.002992868423461914,0.0009975433349609375,0.002000093460083008
583,583,584,583,582,583,582,0.0025179386138916016,0.000997304916381836,0.0029976367950439453
584,584,585,584,583,584,583,0.0019884109497070312,0.001999378204345703,0.004510164260864258
585,585,586,585,584,585,584,0.0019588470458984375,0.0029964447021484375,0.002001047134399414
586,586,587,586,585,586,585,0.003988027572631836,0.002015829086303711,0.004565000534057617
587,587,588,587,586,587,586,0.006549358367919922,0.002014636993408203,0.0030002593994140625
588,588,589,588,587,588,587,0.00456690788269043,0.0039806365966796875,0.004540205001831055
589,589,590,589,588,589,588,0.0019919872283935547,0.0010023117065429688,0.0035247802734375
590,590,591,590,589,590,589,0.0020101070404052734,0.001996278762817383,0.0025107860565185547
591,591,592,591,590,591,590,0.0020189285278320312,0.0020051002502441406,0.004093170166015625
592,592,593,592,591,592,591,0.003572225570678711,0.0030031204223632812,0.004511356353759766
593,593,594,593,592,593,592,0.007982492446899414,0.002017498016357422,0.004010915756225586
594,594,595,594,593,594,593,0.004029750823974609,0.0020029544830322266,0.003504514694213867
595,595,596,595,594,595,594,0.004002571105957031,0.002007722854614258,0.013138055801391602
596,596,597,596,595,596,595,0.005538463592529297,0.0030167102813720703,0.002484560012817383
597,597,598,597,596,597,596,0.002000570297241211,0.0019979476928710938,0.006551027297973633
598,598,599,598,597,598,597,0.007545948028564453,0.006130695343017578,0.006001949310302734
599,599,600,599,598,599,598,0.0040209293365478516,0.001977682113647461,0.002519845962524414
600,600,601,600,599,600,599,0.0019936561584472656,0.001995563507080078,0.003178834915161133
601,601,602,601,600,601,600,0.0030028820037841797,0.0020143985748291016,0.005553007125854492
602,602,603,602,601,602,601,0.0019991397857666016,0.0016450881958007812,0.002010345458984375
603,603,604,603,602,603,602,0.0030078887939453125,0.0015170574188232422,0.0040340423583984375
604,604,605,604,603,604,603,0.003978252410888672,0.0021805763244628906,0.0040094852447509766
605,605,606,605,604,605,604,0.003000974655151367,0.0021517276763916016,0.005995988845825195
606,606,607,606,605,606,605,0.00405430793762207,0.0035729408264160156,0.004586458206176758
607,607,608,607,606,607,606,0.0040013790130615234,0.0020122528076171875,0.005510568618774414
608,608,609,608,607,608,607,0.0040242671966552734,0.0010008811950683594,0.002519369125366211
609,609,610,609,608,609,608,0.0040018558502197266,0.0009944438934326172,0.003525972366333008
610,610,611,610,609,610,609,0.0040018558502197266,0.001994609832763672,0.004086732864379883
611,611,612,611,610,611,610,0.0050127506256103516,0.0019750595092773438,0.003987550735473633
612,612,613,612,611,612,611,0.003523588180541992,0.002008199691772461,0.003001689910888672
613,613,614,613,612,613,612,0.0032384395599365234,0.0029761791229248047,0.007437705993652344
614,614,615,614,613,614,613,0.005575418472290039,0.001996278762817383,0.003509998321533203
615,615,616,615,614,615,614,0.004006862640380859,0.0015621185302734375,0.0019941329956054688
616,616,617,616,615,616,615,0.005015850067138672,0.0020351409912109375,0.00399017333984375
617,617,618,617,616,617,616,0.006619453430175781,0.006686210632324219,0.004508018493652344
618,618,619,618,617,618,617,0.0029969215393066406,0.0020017623901367188,0.0025115013122558594
619,619,620,619,618,619,618,0.0029938220977783203,0.0019996166229248047,0.0019998550415039062
620,620,621,620,619,620,619,0.005015373229980469,0.0025892257690429688,0.005528450012207031
621,621,622,621,620,621,620,0.0030083656311035156,0.002549409866333008,0.00600886344909668
622,622,623,622,621,622,621,0.0030193328857421875,0.001988649368286133,0.003535747528076172
623,623,624,623,622,623,622,0.00500178337097168,0.005560874938964844,0.012594938278198242
624,624,625,624,623,624,623,0.0035543441772460938,0.002003192901611328,0.004530906677246094
625,625,626,625,624,625,624,0.004003763198852539,0.002508401870727539,0.0060160160064697266
626,626,627,626,625,626,625,0.002504110336303711,0.003021240234375,0.006137371063232422
627,627,628,627,626,627,626,0.005003929138183594,0.0031011104583740234,0.005986213684082031
628,628,629,628,627,628,627,0.003158092498779297,0.0030012130737304688,0.004521369934082031
629,629,630,629,628,629,628,0.002996206283569336,0.0019986629486083984,0.0035228729248046875
630,630,631,630,629,630,629,0.0039958953857421875,0.0009996891021728516,0.0035147666931152344
631,631,632,631,630,631,630,0.004029273986816406,0.002513885498046875,0.0040400028228759766
632,632,633,632,631,632,631,0.004565238952636719,0.0019960403442382812,0.004999399185180664
633,633,634,633,632,633,632,0.002512216567993164,0.002011537551879883,0.003995656967163086
634,634,635,634,633,634,633,0.002541780471801758,0.00401616096496582,0.004066944122314453
635,635,636,635,634,635,634,0.0029985904693603516,0.0019969940185546875,0.0025260448455810547
636,636,637,636,635,636,635,0.0029969215393066406,0.0019974708557128906,0.0025234222412109375
637,637,638,637,636,637,636,0.0040187835693359375,0.002457857131958008,0.005997180938720703
638,638,639,638,637,638,637,0.0030117034912109375,0.0019996166229248047,0.005569934844970703
639,639,640,639,638,639,638,0.0019965171813964844,0.0015077590942382812,0.0030155181884765625
640,640,641,640,639,640,639,0.003001689910888672,0.011052370071411133,0.004012584686279297
641,641,642,641,640,641,640,0.0035157203674316406,0.0060329437255859375,0.003991603851318359
642,642,643,642,641,642,641,0.005568981170654297,0.0046253204345703125,0.0059967041015625
643,643,644,643,642,643,642,0.0035228729248046875,0.003571748733520508,0.006033658981323242
644,644,645,644,643,644,643,0.004166603088378906,0.001995563507080078,0.0055389404296875
645,645,646,645,644,645,644,0.0029938220977783203,0.0025098323822021484,0.0050275325775146484
646,646,647,646,645,646,645,0.002001523971557617,0.0025184154510498047,0.0020012855529785156
647,647,648,647,646,647,646,0.0030069351196289062,0.0015096664428710938,0.0060329437255859375
648,648,649,648,647,648,647,0.004505634307861328,0.001995563507080078,0.004521608352661133
649,649,650,649,648,649,648,0.003995656967163086,0.0035593509674072266,0.007561683654785156
650,650,651,650,649,650,649,0.005013465881347656,0.003076791763305664,0.005003213882446289
651,651,652,651,650,651,650,0.006042957305908203,0.0020112991333007812,0.0049591064453125
652,652,653,652,651,652,651,0.003008127212524414,0.0030198097229003906,0.002992391586303711
653,653,654,653,652,653,652,0.004080772399902344,0.0030241012573242188,0.0035638809204101562
654,654,655,654,653,654,653,0.005017518997192383,0.0030622482299804688,0.00501561164855957
655,655,656,655,654,655,654,0.002515554428100586,0.0020041465759277344,0.003996849060058594
656,656,657,656,655,656,655,0.0035228729248046875,0.0030014514923095703,0.005545616149902344
657,657,658,657,656,657,656,0.004003047943115234,0.0020020008087158203,0.0025103092193603516
658,658,659,658,657,658,657,0.002000093460083008,0.0019981861114501953,0.007611513137817383
659,659,660,659,658,659,658,0.009575128555297852,0.0025081634521484375,0.006026744842529297
660,660,661,660,659,660,659,0.003002166748046875,0.0009980201721191406,0.0029952526092529297
661,661,662,661,660,661,660,0.007848978042602539,0.0030090808868408203,0.004546403884887695
662,662,663,662,661,662,661,0.004004001617431641,0.002048492431640625,0.006632566452026367
663,663,664,663,662,663,662,0.004007816314697266,0.002004861831665039,0.006125450134277344
664,664,665,664,663,664,663,0.004100799560546875,0.002994060516357422,0.00754094123840332
665,665,666,665,664,665,664,0.007610321044921875,0.0020189285278320312,0.004018545150756836
666,666,667,666,665,666,665,0.002966165542602539,0.0021219253540039062,0.003998517990112305
667,667,668,667,666,667,666,0.0030100345611572266,0.002015352249145508,0.004994630813598633
668,668,669,668,667,668,667,0.00451350212097168,0.004000663757324219,0.004992008209228516
669,669,670,669,668,669,668,0.004012107849121094,0.0020003318786621094,0.0043218135833740234
670,670,671,670,669,670,669,0.004985332489013672,0.0025169849395751953,0.004007816314697266
671,671,672,671,670,671,670,0.004558563232421875,0.0030066967010498047,0.006577491760253906
672,672,673,672,671,672,671,0.004015445709228516,0.00405430793762207,0.003974199295043945
673,673,674,673,672,673,672,0.0040361881256103516,0.003003835678100586,0.00755763053894043
674,674,675,674,673,674,673,0.002577066421508789,0.002046346664428711,0.006524085998535156
675,675,676,675,674,675,674,0.00301361083984375,0.0030121803283691406,0.006179332733154297
676,676,677,676,675,676,675,0.0055468082427978516,0.006001472473144531,0.00452876091003418
677,677,678,677,676,677,676,0.005963325500488281,0.0029985904693603516,0.0030014514923095703
678,678,679,678,677,678,677,0.004579782485961914,0.0019872188568115234,0.0036149024963378906
679,679,680,679,678,679,678,0.0030088424682617188,0.004014730453491211,0.006556272506713867
680,680,681,680,679,680,679,0.0019915103912353516,0.0019555091857910156,0.005969524383544922
681,681,682,681,680,681,680,0.003990888595581055,0.0020143985748291016,0.008603572845458984
682,682,683,682,681,682,681,0.004521846771240234,0.0020024776458740234,0.005546092987060547
683,683,684,683,682,683,682,0.00299835205078125,0.0019989013671875,0.002504110336303711
684,684,685,684,683,684,683,0.0020051002502441406,0.002012968063354492,0.003534078598022461
685,685,686,685,684,685,684,0.004996538162231445,0.0030307769775390625,0.006616115570068359
686,686,687,686,685,686,685,0.0040094852447509766,0.001992464065551758,0.004124641418457031
687,687,688,687,686,687,686,0.0029900074005126953,0.004554271697998047,0.0049915313720703125
688,688,689,688,687,688,687,0.003080129623413086,0.0019986629486083984,0.0020020008087158203
689,689,690,689,688,689,688,0.00414729118347168,0.002003908157348633,0.0029964447021484375
690,690,691,690,689,690,689,0.001997232437133789,0.002099752426147461,0.0050051212310791016
691,691,692,691,690,691,690,0.006188631057739258,0.003551483154296875,0.0059947967529296875
692,692,693,692,691,692,691,0.0055408477783203125,0.0019922256469726562,0.0025119781494140625
693,693,694,693,692,693,692,0.0030062198638916016,0.001007080078125,0.005571126937866211
694,694,695,694,693,694,693,0.0030007362365722656,0.0019991397857666016,0.004531383514404297
695,695,696,695,694,695,694,0.001998424530029297,0.0010013580322265625,0.0035521984100341797
696,696,697,696,695,696,695,0.005068540573120117,0.0029993057250976562,0.0045244693756103516
697,697,698,697,696,697,696,0.004002094268798828,0.0035958290100097656,0.0029985904693603516
698,698,699,698,697,698,697,0.0035152435302734375,0.0019903182983398438,0.004007816314697266
699,699,700,699,698,699,698,0.004010438919067383,0.0019829273223876953,0.003379344940185547
700,700,701,700,699,700,699,0.00751185417175293,0.002998828887939453,0.0031499862670898438
701,701,702,701,700,701,700,0.004000425338745117,0.0020062923431396484,0.005585908889770508
702,702,703,702,701,702,701,0.003625154495239258,0.0040225982666015625,0.005650997161865234
703,703,704,703,702,703,702,0.003993511199951172,0.001998424530029297,0.0041201114654541016
704,704,705,704,703,704,703,0.0029947757720947266,0.0031630992889404297,0.006469011306762695
705,705,706,705,704,705,704,0.0040056705474853516,0.0035550594329833984,0.006663322448730469
706,706,707,706,705,706,705,0.0049419403076171875,0.003014087677001953,0.005569934844970703
707,707,708,707,706,707,706,0.0030078887939453125,0.004010200500488281,0.0035102367401123047
708,708,709,708,707,708,707,0.0029981136322021484,0.002530336380004883,0.009127378463745117
709,709,710,709,708,709,708,0.0060198307037353516,0.005609750747680664,0.007536411285400391
710,710,711,710,709,710,709,0.0050165653228759766,0.005573749542236328,0.004994869232177734
711,711,712,711,710,711,710,0.0030095577239990234,0.003006458282470703,0.006569862365722656
712,712,713,712,711,712,711,0.004007816314697266,0.004016399383544922,0.004565715789794922
713,713,714,713,712,713,712,0.003990888595581055,0.004042625427246094,0.009622812271118164
714,714,715,714,713,714,713,0.003997325897216797,0.0009908676147460938,0.0025305747985839844
715,715,716,715,714,715,714,0.004029989242553711,0.0035674571990966797,0.004994630813598633
716,716,717,716,715,716,715,0.004588127136230469,0.002001523971557617,0.005533695220947266
717,717,718,717,716,717,716,0.003973245620727539,0.0019674301147460938,0.005982875823974609
718,718,719,718,717,718,717,0.004003286361694336,0.002997159957885742,0.004555702209472656
719,719,720,719,718,719,718,0.005509376525878906,0.001989603042602539,0.006001949310302734
720,720,721,720,719,720,719,0.006005525588989258,0.0035266876220703125,0.0047147274017333984
721,721,722,721,720,721,720,0.006027698516845703,0.003607511520385742,0.007508277893066406
722,722,723,722,721,722,721,0.005013704299926758,0.0145111083984375,0.009556770324707031
723,723,724,723,722,723,722,0.011542797088623047,0.007686138153076172,0.0060312747955322266
724,724,725,724,723,724,723,0.006018400192260742,0.0025260448455810547,0.0070209503173828125
725,725,726,725,724,725,724,0.0045239925384521484,0.00299072265625,0.00555872917175293
726,726,727,726,725,726,725,0.006577730178833008,0.0030014514923095703,0.010552406311035156
727,727,728,727,726,727,726,0.007972955703735352,0.0035295486450195312,0.006016254425048828
728,728,729,728,727,728,727,0.006043195724487305,0.004565238952636719,0.013625383377075195
729,729,730,729,728,729,728,0.009549856185913086,0.004000663757324219,0.007567405700683594
730,730,731,730,729,730,729,0.006566047668457031,0.0020020008087158203,0.004543304443359375
731,731,732,731,730,731,730,0.002998828887939453,0.0020034313201904297,0.0031380653381347656
732,732,733,732,731,732,731,0.004557132720947266,0.009432315826416016,0.007729768753051758
733,733,734,733,732,733,732,0.004002809524536133,0.0025072097778320312,0.0040094852447509766
734,734,735,734,733,734,733,0.0055370330810546875,0.003022432327270508,0.005992889404296875
735,735,736,735,734,735,734,0.003971576690673828,0.0025200843811035156,0.00701451301574707
736,736,737,736,735,736,735,0.0035424232482910156,0.003008604049682617,0.00957179069519043
737,737,738,737,736,737,736,0.005946159362792969,0.005561113357543945,0.007002353668212891
738,738,739,738,737,738,737,0.0050280094146728516,0.002559185028076172,0.0040130615234375
739,739,740,739,738,739,738,0.0045697689056396484,0.00400996208190918,0.005536794662475586
740,740,741,740,739,740,739,0.002999544143676758,0.0035467147827148438,0.00954437255859375
741,741,742,741,740,741,740,0.007560014724731445,0.003000020980834961,0.004596233367919922
742,742,743,742,741,742,741,0.006026506423950195,0.002548694610595703,0.004000186920166016
743,743,744,743,742,743,742,0.004542350769042969,0.004024028778076172,0.007209062576293945
744,744,745,744,743,744,743,0.005513906478881836,0.004015207290649414,0.0055255889892578125
745,745,746,745,744,745,744,0.006579875946044922,0.004464149475097656,0.005011320114135742
746,746,747,746,745,746,745,0.004529714584350586,0.003001689910888672,0.005515098571777344
747,747,748,747,746,747,746,0.005006074905395508,0.0035429000854492188,0.00698399543762207
748,748,749,748,747,748,747,0.004008769989013672,0.0035271644592285156,0.0050122737884521484
749,749,750,749,748,749,748,0.0062084197998046875,0.005533933639526367,0.007544517517089844
750,750,751,750,749,750,749,0.007510662078857422,0.0050203800201416016,0.005613803863525391
751,751,752,751,750,751,750,0.005540370941162109,0.0030062198638916016,0.010562419891357422
752,752,753,752,751,752,751,0.004554033279418945,0.0030193328857421875,0.006545543670654297
753,753,754,753,752,753,752,0.007588624954223633,0.007182121276855469,0.0060236454010009766
754,754,755,754,753,754,753,0.00656580924987793,0.0029909610748291016,0.003225088119506836
755,755,756,755,754,755,754,0.003992557525634766,0.002103090286254883,0.003001689910888672
756,756,757,756,755,756,755,0.003650188446044922,0.004041910171508789,0.007555961608886719
757,757,758,757,756,757,756,0.008628368377685547,0.003002643585205078,0.005544424057006836
758,758,759,758,757,758,757,0.006569623947143555,0.004994869232177734,0.004518985748291016
759,759,760,759,758,759,758,0.005528688430786133,0.00700688362121582,0.006544589996337891
760,760,761,760,759,760,759,0.005552768707275391,0.0020093917846679688,0.007571220397949219
761,761,762,761,760,761,760,0.006552457809448242,0.0029990673065185547,0.005578041076660156
762,762,763,762,761,762,761,0.003997802734375,0.0010020732879638672,0.005008697509765625
763,763,764,763,762,763,762,0.005592823028564453,0.003996372222900391,0.007105588912963867
764,764,765,764,763,764,763,0.004181385040283203,0.003000497817993164,0.005146503448486328
765,765,766,765,764,765,764,0.003002643585205078,0.0019996166229248047,0.00659942626953125
766,766,767,766,765,766,765,0.003003358840942383,0.002048015594482422,0.00699615478515625
767,767,768,767,766,767,766,0.011600255966186523,0.0035355091094970703,0.0060138702392578125
768,768,769,768,767,768,767,0.006658792495727539,0.0034956932067871094,0.0050201416015625
769,769,770,769,768,769,768,0.00452423095703125,0.0019795894622802734,0.004001140594482422
770,770,771,770,769,770,769,0.005021333694458008,0.003538370132446289,0.005988597869873047
771,771,772,771,770,771,770,0.00499725341796875,0.002523660659790039,0.005993366241455078
772,772,773,772,771,772,771,0.004167079925537109,0.0029990673065185547,0.004239559173583984
773,773,774,773,772,773,772,0.00399470329284668,0.0035490989685058594,0.007452726364135742
774,774,775,774,773,774,773,0.0066547393798828125,0.004004716873168945,0.004528999328613281
775,775,776,775,774,775,774,0.0035114288330078125,0.0029959678649902344,0.00400233268737793
776,776,777,776,775,776,775,0.009213447570800781,0.0020294189453125,0.0066111087799072266
777,777,778,777,776,777,776,0.005975484848022461,0.003014087677001953,0.006518840789794922
778,778,779,778,777,778,777,0.0055446624755859375,0.002997875213623047,0.005528926849365234
779,779,780,779,778,779,778,0.005005836486816406,0.004544973373413086,0.009589195251464844
780,780,781,780,779,780,779,0.0051686763763427734,0.0029964447021484375,0.0065419673919677734
781,781,782,781,780,781,780,0.0045244693756103516,0.0030202865600585938,0.003987550735473633
782,782,783,782,781,782,781,0.0050106048583984375,0.0029993057250976562,0.004084587097167969
783,783,784,783,782,783,782,0.0055468082427978516,0.005620479583740234,0.012624025344848633
784,784,785,784,783,784,783,0.007524251937866211,0.003011941909790039,0.0071446895599365234
785,785,786,785,784,785,784,0.005561113357543945,0.0030019283294677734,0.005523681640625
786,786,787,786,785,786,785,0.005558490753173828,0.0030128955841064453,0.006524085998535156
787,787,788,787,786,787,786,0.007534980773925781,0.0030014514923095703,0.00858759880065918
788,788,789,788,787,788,787,0.0060198307037353516,0.0045468807220458984,0.0075855255126953125
789,789,790,789,788,789,788,0.0039980411529541016,0.005057811737060547,0.036312103271484375
790,790,791,790,789,790,789,0.005080223083496094,0.005013465881347656,0.009546041488647461
791,791,792,791,790,791,790,0.010580062866210938,0.005568265914916992,0.013690471649169922
792,792,793,792,791,792,791,0.005541086196899414,0.002001047134399414,0.00653529167175293
793,793,794,793,792,793,792,0.004558086395263672,0.0030012130737304688,0.01059865951538086
794,794,795,794,793,794,793,0.00699925422668457,0.0035333633422851562,0.00500035285949707
795,795,796,795,794,795,794,0.00502467155456543,0.004022121429443359,0.005512714385986328
796,796,797,796,795,796,795,0.006006956100463867,0.005033969879150391,0.007456302642822266
797,797,798,797,796,797,796,0.005530357360839844,0.002996206283569336,0.0050542354583740234
798,798,799,798,797,798,797,0.004002094268798828,0.004584789276123047,0.014657974243164062
799,799,800,799,798,799,798,0.005999088287353516,0.004001617431640625,0.0060503482818603516
800,800,801,800,799,800,799,0.004014730453491211,0.004004001617431641,0.007474660873413086
801,801,802,801,800,801,800,0.003991127014160156,0.002957582473754883,0.006002187728881836
802,802,803,802,801,802,801,0.007014036178588867,0.004543781280517578,0.0059969425201416016
803,803,804,803,802,803,802,0.0065097808837890625,0.005560636520385742,0.010504484176635742
804,804,805,804,803,804,803,0.004506826400756836,0.00301361083984375,0.005002498626708984
805,805,806,805,804,805,804,0.00655055046081543,0.006694793701171875,0.006218671798706055
806,806,807,806,805,806,805,0.005002021789550781,0.00252532958984375,0.003983974456787109
807,807,808,807,806,807,806,0.004542827606201172,0.0029997825622558594,0.006563425064086914
808,808,809,808,807,808,807,0.005525350570678711,0.004010677337646484,0.008603096008300781
809,809,810,809,808,809,808,0.003545999526977539,0.004987955093383789,0.0055484771728515625
810,810,811,810,809,810,809,0.004011869430541992,0.005875110626220703,0.007020711898803711
811,811,812,811,810,811,810,0.006931781768798828,0.0035142898559570312,0.005010366439819336
812,812,813,812,811,812,811,0.003513813018798828,0.0019969940185546875,0.002994537353515625
813,813,814,813,812,813,812,0.003552675247192383,0.0020084381103515625,0.00651860237121582
814,814,815,814,813,814,813,0.005004405975341797,0.0055980682373046875,0.009566307067871094
815,815,816,815,814,815,814,0.005551815032958984,0.00397801399230957,0.004506111145019531
816,816,817,816,815,816,815,0.0040013790130615234,0.003504037857055664,0.007038593292236328
817,817,818,817,816,817,816,0.00453948974609375,0.0019943714141845703,0.004049062728881836
818,818,819,818,817,818,817,0.0040013790130615234,0.0009984970092773438,0.0070037841796875
819,819,820,819,818,819,818,0.007029294967651367,0.003000497817993164,0.006202220916748047
820,820,821,820,819,820,819,0.0035178661346435547,0.0030126571655273438,0.005515336990356445
821,821,822,821,820,821,820,0.0030035972595214844,0.0019905567169189453,0.00557708740234375
822,822,823,822,821,822,821,0.0030012130737304688,0.004035472869873047,0.011544227600097656
823,823,824,823,822,823,822,0.00457453727722168,0.0019958019256591797,0.0035724639892578125
824,824,825,824,823,824,823,0.005001068115234375,0.0025053024291992188,0.005026578903198242
825,825,826,825,824,825,824,0.0030138492584228516,0.0019562244415283203,0.005012989044189453
826,826,827,826,825,826,825,0.004981517791748047,0.003534078598022461,0.0069887638092041016
827,827,828,827,826,827,826,0.0040094852447509766,0.0019996166229248047,0.0035316944122314453
828,828,829,828,827,828,827,0.005996227264404297,0.0030965805053710938,0.006000518798828125
829,829,830,829,828,829,828,0.007010698318481445,0.003545999526977539,0.0050048828125
830,830,831,830,829,830,829,0.005427360534667969,0.003999948501586914,0.0075304508209228516
831,831,832,831,830,831,830,0.006557941436767578,0.0035228729248046875,0.0060122013092041016
832,832,833,832,831,832,831,0.007155418395996094,0.0030100345611572266,0.004521846771240234
833,833,834,833,832,833,832,0.005515336990356445,0.004040718078613281,0.0059893131256103516
834,834,835,834,833,834,833,0.0049440860748291016,0.004549264907836914,0.009541511535644531
835,835,836,835,834,835,834,0.005001544952392578,0.0025284290313720703,0.005010128021240234
836,836,837,836,835,836,835,0.005352497100830078,0.0055904388427734375,0.005009889602661133
837,837,838,837,836,837,836,0.004552602767944336,0.0030107498168945312,0.007554054260253906
838,838,839,838,837,838,837,0.003007650375366211,0.0025246143341064453,0.0070192813873291016
839,839,840,839,838,839,838,0.004537105560302734,0.002998828887939453,0.006101131439208984
840,840,841,840,839,840,839,0.00655055046081543,0.0046808719635009766,0.006896257400512695
841,841,842,841,840,841,840,0.005532979965209961,0.001997709274291992,0.0029947757720947266
842,842,843,842,841,842,841,0.0040051937103271484,0.0019845962524414062,0.0041654109954833984
843,843,844,843,842,843,842,0.006519317626953125,0.004012346267700195,0.006622314453125
844,844,845,844,843,844,843,0.006010293960571289,0.003231048583984375,0.0060024261474609375
845,845,846,845,844,845,844,0.005537271499633789,0.0019974708557128906,0.008582115173339844
846,846,847,846,845,846,845,0.009621381759643555,0.003537416458129883,0.008592844009399414
847,847,848,847,846,847,846,0.005002021789550781,0.0025212764739990234,0.0049936771392822266
848,848,849,848,847,848,847,0.004511594772338867,0.0020029544830322266,0.0039997100830078125
849,849,850,849,848,849,848,0.0069277286529541016,0.003085613250732422,0.006021261215209961
850,850,851,850,849,850,849,0.0029964447021484375,0.003524303436279297,0.0060155391693115234
851,851,852,851,850,851,850,0.003504037857055664,0.003014802932739258,0.0065348148345947266
852,852,853,852,851,852,851,0.00399327278137207,0.0025289058685302734,0.01613783836364746
853,853,854,853,852,853,852,0.0055506229400634766,0.0046825408935546875,0.015574455261230469
854,854,855,854,853,854,853,0.005020618438720703,0.0020008087158203125,0.006531715393066406
855,855,856,855,854,855,854,0.0062868595123291016,0.0040132999420166016,0.012273788452148438
856,856,857,856,855,856,855,0.005012035369873047,0.005631446838378906,0.004554271697998047
857,857,858,857,856,857,856,0.004006862640380859,0.002536773681640625,0.0070002079010009766
858,858,859,858,857,858,857,0.004519462585449219,0.0035409927368164062,0.009543180465698242
859,859,860,859,858,859,858,0.005021810531616211,0.005028724670410156,0.0045108795166015625
860,860,861,860,859,860,859,0.00401759147644043,0.005352497100830078,0.007555961608886719
861,861,862,861,860,861,860,0.008539199829101562,0.003983497619628906,0.00450897216796875
862,862,863,862,861,862,861,0.0060002803802490234,0.00357818603515625,0.004988431930541992
863,863,864,863,862,863,862,0.0060579776763916016,0.003150463104248047,0.0050389766693115234
864,864,865,864,863,864,863,0.004536867141723633,0.003986835479736328,0.006546974182128906
865,865,866,865,864,865,864,0.005532503128051758,0.004534482955932617,0.0065729618072509766
866,866,867,866,865,866,865,0.00603032112121582,0.004051923751831055,0.007553577423095703
867,867,868,867,866,867,866,0.005001544952392578,0.0035219192504882812,0.00500941276550293
868,868,869,868,867,868,867,0.004551410675048828,0.0019762516021728516,0.008563041687011719
869,869,870,869,868,869,868,0.0035142898559570312,0.0029964447021484375,0.00860595703125
870,870,871,870,869,870,869,0.006186723709106445,0.0030002593994140625,0.006669759750366211
871,871,872,871,870,871,870,0.004004240036010742,0.0025179386138916016,0.004001617431640625
872,872,873,872,871,872,871,0.003572225570678711,0.004039764404296875,0.007470130920410156
873,873,874,873,872,873,872,0.005004405975341797,0.0035452842712402344,0.006999015808105469
874,874,875,874,873,874,873,0.00604701042175293,0.002537250518798828,0.0069980621337890625
875,875,876,875,874,875,874,0.008533716201782227,0.003518342971801758,0.005010128021240234
876,876,877,876,875,876,875,0.005515336990356445,0.003002166748046875,0.0055141448974609375
877,877,878,877,876,877,876,0.004179954528808594,0.004118919372558594,0.006003141403198242
878,878,879,878,877,878,877,0.007584571838378906,0.0030167102813720703,0.0065822601318359375
879,879,880,879,878,879,878,0.0060024261474609375,0.006039857864379883,0.005517005920410156
880,880,881,880,879,880,879,0.0045337677001953125,0.0040285587310791016,0.007523775100708008
881,881,882,881,880,881,880,0.005513429641723633,0.002957582473754883,0.0075457096099853516
882,882,883,882,881,882,881,0.006497859954833984,0.004016876220703125,0.006526470184326172
883,883,884,883,882,883,882,0.0060002803802490234,0.0031614303588867188,0.007577657699584961
884,884,885,884,883,884,883,0.005995512008666992,0.0030803680419921875,0.00503087043762207
885,885,886,885,884,885,884,0.005545139312744141,0.0029938220977783203,0.00655055046081543
886,886,887,886,885,886,885,0.0030062198638916016,0.002997875213623047,0.005008220672607422
887,887,888,887,886,887,886,0.0049991607666015625,0.005558490753173828,0.006552934646606445
888,888,889,888,887,888,887,0.006555318832397461,0.004000663757324219,0.005260467529296875
889,889,890,889,888,889,888,0.006002902984619141,0.003010988235473633,0.005523681640625
890,890,891,890,889,890,889,0.003995180130004883,0.001998424530029297,0.0045623779296875
891,891,892,891,890,891,890,0.005530834197998047,0.0029964447021484375,0.0065577030181884766
892,892,893,892,891,892,891,0.005003452301025391,0.002134561538696289,0.002997875213623047
893,893,894,893,892,893,892,0.004031658172607422,0.0031490325927734375,0.005006313323974609
894,894,895,894,893,894,893,0.00547480583190918,0.0036666393280029297,0.0070302486419677734
895,895,896,895,894,895,894,0.0040013790130615234,0.0019981861114501953,0.00856924057006836
896,896,897,896,895,896,895,0.004524946212768555,0.003008604049682617,0.004496335983276367
897,897,898,897,896,897,896,0.004001617431640625,0.001997709274291992,0.004561901092529297
898,898,899,898,897,898,897,0.00400853157043457,0.0031211376190185547,0.0060100555419921875
899,899,900,899,898,899,898,0.006147146224975586,0.0025086402893066406,0.0035228729248046875
900,900,901,900,899,900,899,0.0030052661895751953,0.001508951187133789,0.004035234451293945
901,901,902,901,900,901,900,0.007689952850341797,0.002997875213623047,0.005529642105102539
902,902,903,902,901,902,901,0.0050013065338134766,0.003173351287841797,0.012563705444335938
903,903,904,903,902,903,902,0.005548000335693359,0.002990245819091797,0.006542205810546875
904,904,905,904,903,904,903,0.0040130615234375,0.00400543212890625,0.007508039474487305
905,905,906,905,904,905,904,0.004006147384643555,0.0035436153411865234,0.008591890335083008
906,906,907,906,905,906,905,0.006537437438964844,0.003997802734375,0.005072116851806641
907,907,908,907,906,907,906,0.005567312240600586,0.008631229400634766,0.008543014526367188
908,908,909,908,907,908,907,0.00550532341003418,0.016594648361206055,0.011579275131225586
909,909,910,909,908,909,908,0.00701904296875,0.003274202346801758,0.008607625961303711
910,910,911,910,909,910,909,0.012553930282592773,0.0045452117919921875,0.008501052856445312
911,911,912,911,910,911,910,0.005006074905395508,0.0025267601013183594,0.0060198307037353516
912,912,913,912,911,912,911,0.0040607452392578125,0.0019953250885009766,0.003998517990112305
913,913,914,913,912,913,912,0.006511688232421875,0.005553483963012695,0.00400996208190918
914,914,915,914,913,914,913,0.002988100051879883,0.0030133724212646484,0.00553131103515625
915,915,916,915,914,915,914,0.005014896392822266,0.002573251724243164,0.009026765823364258
916,916,917,916,915,916,915,0.00402379035949707,0.0056459903717041016,0.007235050201416016
917,917,918,917,916,917,916,0.006011009216308594,0.0045452117919921875,0.0049974918365478516
918,918,919,918,917,918,917,0.0031070709228515625,0.0030126571655273438,0.0041294097900390625
919,919,920,919,918,919,918,0.007604122161865234,0.0029952526092529297,0.008135795593261719
920,920,921,920,919,920,919,0.005549192428588867,0.003000974655151367,0.008634805679321289
921,921,922,921,920,921,920,0.004514932632446289,0.00497126579284668,0.008025407791137695
922,922,923,922,921,922,921,0.0039942264556884766,0.001997232437133789,0.004536867141723633
923,923,924,923,922,923,922,0.005559444427490234,0.004006385803222656,0.008155584335327148
924,924,925,924,923,924,923,0.005537271499633789,0.003013134002685547,0.01217341423034668
925,925,926,925,924,925,924,0.0040018558502197266,0.001995086669921875,0.006157875061035156
926,926,927,926,925,926,925,0.006529331207275391,0.001997709274291992,0.006575107574462891
927,927,928,927,926,927,926,0.0035419464111328125,0.006003618240356445,0.0071222782135009766
928,928,929,928,927,928,927,0.004197120666503906,0.004022121429443359,0.005507230758666992
929,929,930,929,928,929,928,0.004013538360595703,0.002521038055419922,0.005014896392822266
930,930,931,930,929,930,929,0.005544185638427734,0.003620624542236328,0.012163877487182617
931,931,932,931,930,931,930,0.003997802734375,0.0015308856964111328,0.010564565658569336
932,932,933,932,931,932,931,0.00652766227722168,0.004990100860595703,0.009537935256958008
933,933,934,933,932,933,932,0.004010200500488281,0.004055976867675781,0.007527828216552734
934,934,935,934,933,934,933,0.003009319305419922,0.004010915756225586,0.007577180862426758
935,935,936,935,934,935,934,0.008569717407226562,0.0029964447021484375,0.010599374771118164
936,936,937,936,935,936,935,0.0059947967529296875,0.0022215843200683594,0.0060007572174072266
937,937,938,937,936,937,936,0.0051708221435546875,0.005560159683227539,0.007039546966552734
938,938,939,938,937,938,937,0.005015134811401367,0.002619504928588867,0.006548643112182617
939,939,940,939,938,939,938,0.007540702819824219,0.0034012794494628906,0.008684396743774414
940,940,941,940,939,940,939,0.00499415397644043,0.0055828094482421875,0.005507469177246094
941,941,942,941,940,941,940,0.006004810333251953,0.004572391510009766,0.006521463394165039
942,942,943,942,941,942,941,0.00851750373840332,0.00399470329284668,0.0070972442626953125
943,943,944,943,942,943,942,0.00555872917175293,0.0049860477447509766,0.006561279296875
944,944,945,944,943,944,943,0.00958251953125,0.002990245819091797,0.008538246154785156
945,945,946,945,944,945,944,0.006591796875,0.003009796142578125,0.00554347038269043
946,946,947,946,945,946,945,0.004557609558105469,0.002524852752685547,0.006527423858642578
947,947,948,947,946,947,946,0.003996372222900391,0.001992940902709961,0.0060079097747802734
948,948,949,948,947,948,947,0.00704646110534668,0.0030291080474853516,0.007445096969604492
949,949,950,949,948,949,948,0.003528118133544922,0.0020051002502441406,0.009577751159667969
950,950,951,950,949,950,949,0.008582592010498047,0.005001544952392578,0.010156393051147461
951,951,952,951,950,951,950,0.00499725341796875,0.004479408264160156,0.006562948226928711
952,952,953,952,951,952,951,0.005599498748779297,0.0030214786529541016,0.008082389831542969
953,953,954,953,952,953,952,0.008268594741821289,0.004021883010864258,0.0052111148834228516
954,954,955,954,953,954,953,0.006001472473144531,0.0045893192291259766,0.010423660278320312
955,955,956,955,954,955,954,0.004569530487060547,0.002994060516357422,0.008179426193237305
956,956,957,956,955,956,955,0.005034685134887695,0.002003192901611328,0.003108978271484375
957,957,958,957,956,957,956,0.007886409759521484,0.0032150745391845703,0.008001089096069336
958,958,959,958,957,958,957,0.0040018558502197266,0.003554821014404297,0.00696873664855957
959,959,960,959,958,959,958,0.0035338401794433594,0.003008127212524414,0.004525661468505859
960,960,961,960,959,960,959,0.005588531494140625,0.002996206283569336,0.0040051937103271484
961,961,962,961,960,961,960,0.003526926040649414,0.001997232437133789,0.005528688430786133
962,962,963,962,961,962,961,0.0039975643157958984,0.0019969940185546875,0.004538774490356445
963,963,964,963,962,963,962,0.0044765472412109375,0.0031113624572753906,0.005984067916870117
964,964,965,964,963,964,963,0.004015684127807617,0.0020003318786621094,0.008919239044189453
965,965,966,965,964,965,964,0.004019498825073242,0.0019981861114501953,0.004519939422607422
966,966,967,966,965,966,965,0.0029993057250976562,0.0015070438385009766,0.005028724670410156
967,967,968,967,966,967,966,0.0030841827392578125,0.004978179931640625,0.007544279098510742
968,968,969,968,967,968,967,0.003496408462524414,0.006021738052368164,0.00910043716430664
969,969,970,969,968,969,968,0.005532264709472656,0.002995729446411133,0.006537914276123047
970,970,971,970,969,970,969,0.0053484439849853516,0.0030040740966796875,0.0039920806884765625
971,971,972,971,970,971,970,0.006985187530517578,0.00250244140625,0.006010293960571289
972,972,973,972,971,972,971,0.0035283565521240234,0.003020048141479492,0.009531974792480469
973,973,974,973,972,973,972,0.005938053131103516,0.0036041736602783203,0.005997657775878906
974,974,975,974,973,974,973,0.003524303436279297,0.004557132720947266,0.010135173797607422
975,975,976,975,974,975,974,0.008239030838012695,0.0020024776458740234,0.005980014801025391
976,976,977,976,975,976,975,0.00551152229309082,0.0019989013671875,0.004524707794189453
977,977,978,977,976,977,976,0.005999088287353516,0.003122091293334961,0.004998922348022461
978,978,979,978,977,978,977,0.0041463375091552734,0.0030078887939453125,0.00657343864440918
979,979,980,979,978,979,978,0.0060465335845947266,0.0035827159881591797,0.005523681640625
980,980,981,980,979,980,979,0.006147861480712891,0.0030012130737304688,0.004517793655395508
981,981,982,981,980,981,980,0.003575563430786133,0.0029478073120117188,0.006016254425048828
982,982,983,982,981,982,981,0.005034208297729492,0.003003835678100586,0.0055408477783203125
983,983,984,983,982,983,982,0.007957220077514648,0.0019960403442382812,0.004000663757324219
984,984,985,984,983,984,983,0.005010843276977539,0.0035276412963867188,0.006997585296630859
985,985,986,985,984,985,984,0.0050241947174072266,0.0019989013671875,0.007127046585083008
986,986,987,986,985,986,985,0.004549503326416016,0.003002643585205078,0.007575273513793945
987,987,988,987,986,987,986,0.006567478179931641,0.004013776779174805,0.006489992141723633
988,988,989,988,987,988,987,0.004003763198852539,0.0028786659240722656,0.003006458282470703
989,989,990,989,988,989,988,0.005276679992675781,0.0030028820037841797,0.0075566768646240234
990,990,991,990,989,990,989,0.003997325897216797,0.0031054019927978516,0.005989551544189453
991,991,992,991,990,991,990,0.005583286285400391,0.0029878616333007812,0.0065441131591796875
992,992,993,992,991,992,991,0.005605936050415039,0.0019981861114501953,0.004004001617431641
993,993,994,993,992,993,992,0.00600123405456543,0.004563093185424805,0.0065212249755859375
994,994,995,994,993,994,993,0.005013227462768555,0.002615690231323242,0.004991769790649414
995,995,996,995,994,995,994,0.004553318023681641,0.003007173538208008,0.008621454238891602
996,996,997,996,995,996,995,0.006559848785400391,0.00393366813659668,0.004521369934082031
997,997,998,997,996,997,996,0.004007816314697266,0.0025491714477539062,0.006510257720947266
998,998,999,998,997,998,997,0.004235029220581055,0.001997709274291992,0.00351715087890625
